PAGE,ATTRIBUTE VALUE
https://www.fxstreet.com/,highlightedEducationExtraSided
https://www.fxstreet.com/cryptocurrencies/ethereum,highlightedNewsSmall
https://www.fxstreet.com/cryptocurrencies/ethereum,highlightedNewsSmall
https://www.fxstreet.com/cryptocurrencies/ethereum,highlightedNewsSmall
https://www.fxstreet.com/cryptocurrencies/bitcoin,highlightedNewsSmall
https://www.fxstreet.com/cryptocurrencies/bitcoin,highlightedNewsSmall
https://www.fxstreet.com/cryptocurrencies/bitcoin,highlightedNewsSmall
https://www.fxstreet.com/currencies/us-dollar-index,highlightedEducationSmall
https://www.fxstreet.com/currencies/us-dollar-index,highlightedEducationSmall
https://www.fxstreet.com/currencies/us-dollar-index,highlightedEducationSmall
https://www.fxstreet.com/education/lessons-from-the-pros-forex-201503240000,highlightedEducationSmall
https://www.fxstreet.com/education/lessons-from-the-pros-forex-201503240000,highlightedEducationSmall
https://www.fxstreet.com/education/lessons-from-the-pros-forex-201503240000,highlightedEducationSmall
https://www.fxstreet.com/education/lessons-from-the-pros-forex-201503240000,highlightedEducationSmall
https://www.fxstreet.com/education/lessons-from-the-pros-forex-201503240000,highlightedEducationSmall
https://www.fxstreet.com/education/what-are-the-10-fatal-mistakes-traders-make-201612130800,highlightedEducationSmall
https://www.fxstreet.com/education/what-are-the-10-fatal-mistakes-traders-make-201612130800,highlightedEducationSmall
https://www.fxstreet.com/education/what-are-the-10-fatal-mistakes-traders-make-201612130800,highlightedEducationSmall
https://www.fxstreet.com/education/what-are-the-10-fatal-mistakes-traders-make-201612130800,highlightedEducationSmall
https://www.fxstreet.com/education/what-are-the-10-fatal-mistakes-traders-make-201612130800,highlightedEducationSmall
https://www.fxstreet.com/technical-analysis/support-resistance,highlightedVideoSmall
https://www.fxstreet.com/technical-analysis/support-resistance,highlightedVideoMedium
https://www.fxstreet.com/technical-analysis/support-resistance,highlightedVideoSmall
https://www.fxstreet.com/technical-analysis/support-resistance,highlightedVideoMedium
https://www.fxstreet.com/,highlightedEducationExtraSided
https://www.fxstreet.com/,highlightedEducationExtraSided
https://www.fxstreet.com/,highlightedEducationExtraSided
https://www.fxstreet.com/,highlightedEducationExtraSided
https://www.fxstreet.com/,highlightedVideoMedium
https://www.fxstreet.com/macroeconomics/central-banks/boe,highlightedNewsSmall
https://www.fxstreet.com/macroeconomics/central-banks/boe,highlightedNewsSmall
https://www.fxstreet.com/macroeconomics/central-banks/boe,highlightedNewsSmall
https://www.fxstreet.com/macroeconomics/central-banks/boe,highlightedNewsSmall
https://www.fxstreet.com/macroeconomics/central-banks/boe,highlightedNewsSmall
https://www.fxstreet.com/macroeconomics/central-banks/boe,highlightedNewsSmall
https://www.fxstreet.com/macroeconomics/central-banks/boe,highlightedAnalysisSmall
https://www.fxstreet.com/macroeconomics/central-banks/boe,highlightedNewsSmall
https://www.fxstreet.com/macroeconomics/central-banks/boe,highlightedNewsSmall
https://www.fxstreet.com/macroeconomics/central-banks/boe,highlightedNewsSmall
https://www.fxstreet.com/macroeconomics/central-banks/boe,highlightedAnalysisSmall
https://www.fxstreet.com/macroeconomics/central-banks/boe,highlightedAnalysisSmall
https://www.fxstreet.com/macroeconomics/central-banks/boe,highlightedNewsSmall
https://www.fxstreet.com/macroeconomics/central-banks/boe,highlightedNewsSmall
https://www.fxstreet.com/macroeconomics/central-banks/boe,highlightedNewsSmall
https://www.fxstreet.com/cryptocurrencies/stellar,highlightedNewsSmall
https://www.fxstreet.com/cryptocurrencies/stellar,highlightedNewsSmall
https://www.fxstreet.com/cryptocurrencies/stellar,highlightedNewsSmall
https://www.fxstreet.com/education/predicting-market-turns-201610260834,highlightedEducationSmall
https://www.fxstreet.com/education/predicting-market-turns-201610260834,highlightedEducationSmall
https://www.fxstreet.com/education/predicting-market-turns-201610260834,highlightedEducationSmall
https://www.fxstreet.com/education/predicting-market-turns-201610260834,highlightedEducationSmall
https://www.fxstreet.com/education/predicting-market-turns-201610260834,highlightedEducationSmall
https://www.fxstreet.com/education/facebook-faceoff-regulators-tackle-social-media-201001040000,highlightedEducationSmall
https://www.fxstreet.com/education/facebook-faceoff-regulators-tackle-social-media-201001040000,highlightedEducationSmall
https://www.fxstreet.com/education/facebook-faceoff-regulators-tackle-social-media-201001040000,highlightedEducationSmall
https://www.fxstreet.com/education/facebook-faceoff-regulators-tackle-social-media-201001040000,highlightedEducationSmall
https://www.fxstreet.com/education/facebook-faceoff-regulators-tackle-social-media-201001040000,highlightedEducationSmall
https://www.fxstreet.com/education/the-price-never-lies-what-enron-teaches-us-about-technical-analysis-201610041734,highlightedEducationSmall
https://www.fxstreet.com/education/the-price-never-lies-what-enron-teaches-us-about-technical-analysis-201610041734,highlightedEducationSmall
https://www.fxstreet.com/education/the-price-never-lies-what-enron-teaches-us-about-technical-analysis-201610041734,highlightedEducationSmall
https://www.fxstreet.com/education/the-price-never-lies-what-enron-teaches-us-about-technical-analysis-201610041734,highlightedEducationSmall
https://www.fxstreet.com/education/the-price-never-lies-what-enron-teaches-us-about-technical-analysis-201610041734,highlightedEducationSmall
https://www.fxstreet.com/education/part-2-best-way-to-trade-new-york-forex-session-video-202205020103,highlightedEducationSmall
https://www.fxstreet.com/education/part-2-best-way-to-trade-new-york-forex-session-video-202205020103,highlightedEducationSmall
https://www.fxstreet.com/education/part-2-best-way-to-trade-new-york-forex-session-video-202205020103,highlightedEducationSmall
https://www.fxstreet.com/education/part-2-best-way-to-trade-new-york-forex-session-video-202205020103,highlightedEducationSmall
https://www.fxstreet.com/education/part-2-best-way-to-trade-new-york-forex-session-video-202205020103,highlightedEducationSmall
https://www.fxstreet.com/education/three-simple-ways-to-gain-an-edge-in-trading-202205020128,highlightedEducationSmall
https://www.fxstreet.com/education/three-simple-ways-to-gain-an-edge-in-trading-202205020128,highlightedEducationSmall
https://www.fxstreet.com/education/three-simple-ways-to-gain-an-edge-in-trading-202205020128,highlightedEducationSmall
https://www.fxstreet.com/education/three-simple-ways-to-gain-an-edge-in-trading-202205020128,highlightedEducationSmall
https://www.fxstreet.com/education/three-simple-ways-to-gain-an-edge-in-trading-202205020128,highlightedEducationSmall
https://www.fxstreet.com/education/cryptocurrencies-are-a-public-good-and-that-gives-them-a-huge-perspective-202205021225,highlightedEducationSmall
https://www.fxstreet.com/education/cryptocurrencies-are-a-public-good-and-that-gives-them-a-huge-perspective-202205021225,highlightedEducationSmall
https://www.fxstreet.com/education/cryptocurrencies-are-a-public-good-and-that-gives-them-a-huge-perspective-202205021225,highlightedEducationSmall
https://www.fxstreet.com/education/cryptocurrencies-are-a-public-good-and-that-gives-them-a-huge-perspective-202205021225,highlightedEducationSmall
https://www.fxstreet.com/education/cryptocurrencies-are-a-public-good-and-that-gives-them-a-huge-perspective-202205021225,highlightedEducationSmall
https://www.fxstreet.com/education/macro-investing-explained-video-202205050959,highlightedEducationSmall
https://www.fxstreet.com/education/macro-investing-explained-video-202205050959,highlightedEducationSmall
https://www.fxstreet.com/education/macro-investing-explained-video-202205050959,highlightedEducationSmall
https://www.fxstreet.com/education/macro-investing-explained-video-202205050959,highlightedEducationSmall
https://www.fxstreet.com/education/macro-investing-explained-video-202205050959,highlightedEducationSmall
https://www.fxstreet.com/education/wd-gann-the-top-3-never-revealed-secrets-of-the-ganns-great-wheat-trade-of-1909-and-how-to-profit-from-it-202205060651,highlightedEducationSmall
https://www.fxstreet.com/education/wd-gann-the-top-3-never-revealed-secrets-of-the-ganns-great-wheat-trade-of-1909-and-how-to-profit-from-it-202205060651,highlightedEducationSmall
https://www.fxstreet.com/education/wd-gann-the-top-3-never-revealed-secrets-of-the-ganns-great-wheat-trade-of-1909-and-how-to-profit-from-it-202205060651,highlightedEducationSmall
https://www.fxstreet.com/education/wd-gann-the-top-3-never-revealed-secrets-of-the-ganns-great-wheat-trade-of-1909-and-how-to-profit-from-it-202205060651,highlightedEducationSmall
https://www.fxstreet.com/education/wd-gann-the-top-3-never-revealed-secrets-of-the-ganns-great-wheat-trade-of-1909-and-how-to-profit-from-it-202205060651,highlightedEducationSmall
https://www.fxstreet.com/education/gut-feel-202205090337,highlightedEducationSmall
https://www.fxstreet.com/education/gut-feel-202205090337,highlightedEducationSmall
https://www.fxstreet.com/education/gut-feel-202205090337,highlightedEducationSmall
https://www.fxstreet.com/education/gut-feel-202205090337,highlightedEducationSmall
https://www.fxstreet.com/education/gut-feel-202205090337,highlightedEducationSmall
https://www.fxstreet.com/education/how-to-select-risk-off-trades-in-oversold-markets-video-202205160017,highlightedEducationSmall
https://www.fxstreet.com/education/how-to-select-risk-off-trades-in-oversold-markets-video-202205160017,highlightedEducationSmall
https://www.fxstreet.com/education/how-to-select-risk-off-trades-in-oversold-markets-video-202205160017,highlightedEducationSmall
https://www.fxstreet.com/education/how-to-select-risk-off-trades-in-oversold-markets-video-202205160017,highlightedEducationSmall
https://www.fxstreet.com/education/how-to-select-risk-off-trades-in-oversold-markets-video-202205160017,highlightedEducationSmall
https://www.fxstreet.com/education/are-markets-efficient-202205160023,highlightedEducationSmall
https://www.fxstreet.com/education/are-markets-efficient-202205160023,highlightedEducationSmall
https://www.fxstreet.com/education/are-markets-efficient-202205160023,highlightedEducationSmall
https://www.fxstreet.com/education/are-markets-efficient-202205160023,highlightedEducationSmall
https://www.fxstreet.com/education/are-markets-efficient-202205160023,highlightedEducationSmall
https://www.fxstreet.com/education/factors-that-influence-exchange-rates-in-the-forex-market-202205170739,highlightedEducationSmall
https://www.fxstreet.com/education/factors-that-influence-exchange-rates-in-the-forex-market-202205170739,highlightedEducationSmall
https://www.fxstreet.com/education/factors-that-influence-exchange-rates-in-the-forex-market-202205170739,highlightedEducationSmall
https://www.fxstreet.com/education/factors-that-influence-exchange-rates-in-the-forex-market-202205170739,highlightedEducationSmall
https://www.fxstreet.com/education/factors-that-influence-exchange-rates-in-the-forex-market-202205170739,highlightedEducationSmall
https://www.fxstreet.com/macroeconomics/economic-indicator/nfp,highlightedAnalysisSmall
https://www.fxstreet.com/macroeconomics/economic-indicator/nfp,highlightedAnalysisSmall
https://www.fxstreet.com/macroeconomics/economic-indicator/nfp,highlightedAnalysisSmall
https://www.fxstreet.com/macroeconomics/economic-indicator/nfp,highlightedAnalysisSmall
https://www.fxstreet.com/macroeconomics/economic-indicator/nfp,highlightedAnalysisSmall
https://www.fxstreet.com/macroeconomics/economic-indicator/nfp,highlightedAnalysisSmall
https://www.fxstreet.com/macroeconomics/economic-indicator/nfp,highlightedAnalysisSmall
https://www.fxstreet.com/macroeconomics/economic-indicator/nfp,highlightedAnalysisSmall
https://www.fxstreet.com/macroeconomics/economic-indicator/nfp,highlightedNewsSmall
https://www.fxstreet.com/macroeconomics/economic-indicator/nfp,highlightedAnalysisSmall
https://www.fxstreet.com/macroeconomics/economic-indicator/nfp,highlightedAnalysisSmall
https://www.fxstreet.com/macroeconomics/economic-indicator/nfp,highlightedNewsSmall
https://www.fxstreet.com/macroeconomics/economic-indicator/nfp,highlightedAnalysisSmall
https://www.fxstreet.com/macroeconomics/economic-indicator/nfp,highlightedNewsSmall
https://www.fxstreet.com/macroeconomics/economic-indicator/nfp,highlightedEducationSmall
https://www.fxstreet.com/macroeconomics/economic-indicator/nfp,highlightedNewsSmall
https://www.fxstreet.com/macroeconomics/economic-indicator/nfp,highlightedNewsSmall
https://www.fxstreet.com/macroeconomics/economic-indicator/nfp,highlightedEducationSmall
https://www.fxstreet.com/macroeconomics/economic-indicator/nfp,highlightedAnalysisSmall
https://www.fxstreet.com/education/a-quick-guide-to-non-farm-201508070000,highlightedEducationSmall
https://www.fxstreet.com/education/a-quick-guide-to-non-farm-201508070000,highlightedEducationSmall
https://www.fxstreet.com/education/a-quick-guide-to-non-farm-201508070000,highlightedEducationSmall
https://www.fxstreet.com/education/a-quick-guide-to-non-farm-201508070000,highlightedEducationSmall
https://www.fxstreet.com/education/a-quick-guide-to-non-farm-201508070000,highlightedEducationSmall
https://www.fxstreet.com/education/how-to-trade-nonfarm-payrolls-201508310200,highlightedEducationSmall
https://www.fxstreet.com/education/how-to-trade-nonfarm-payrolls-201508310200,highlightedEducationSmall
https://www.fxstreet.com/education/how-to-trade-nonfarm-payrolls-201508310200,highlightedEducationSmall
https://www.fxstreet.com/education/how-to-trade-nonfarm-payrolls-201508310200,highlightedEducationSmall
https://www.fxstreet.com/education/how-to-trade-nonfarm-payrolls-201508310200,highlightedEducationSmall
https://www.fxstreet.com/education/nfp-the-fundamental-giant-201206280000,highlightedEducationSmall
https://www.fxstreet.com/education/nfp-the-fundamental-giant-201206280000,highlightedEducationSmall
https://www.fxstreet.com/education/nfp-the-fundamental-giant-201206280000,highlightedEducationSmall
https://www.fxstreet.com/education/nfp-the-fundamental-giant-201206280000,highlightedEducationSmall
https://www.fxstreet.com/education/nfp-the-fundamental-giant-201206280000,highlightedEducationSmall
https://www.fxstreet.com/education/how-to-trade-nonfarm-payrolls-201508280000,highlightedEducationSmall
https://www.fxstreet.com/education/how-to-trade-nonfarm-payrolls-201508280000,highlightedEducationSmall
https://www.fxstreet.com/education/how-to-trade-nonfarm-payrolls-201508280000,highlightedEducationSmall
https://www.fxstreet.com/education/how-to-trade-nonfarm-payrolls-201508280000,highlightedEducationSmall
https://www.fxstreet.com/education/how-to-trade-nonfarm-payrolls-201508280000,highlightedEducationSmall
https://www.fxstreet.com/macroeconomics/central-banks/boj,highlightedNewsSmall
https://www.fxstreet.com/macroeconomics/central-banks/boj,highlightedNewsSmall
https://www.fxstreet.com/macroeconomics/central-banks/boj,highlightedNewsSmall
https://www.fxstreet.com/macroeconomics/central-banks/boj,highlightedNewsSmall
https://www.fxstreet.com/macroeconomics/central-banks/boj,highlightedNewsSmall
https://www.fxstreet.com/macroeconomics/central-banks/boj,highlightedNewsSmall
https://www.fxstreet.com/macroeconomics/central-banks/boj,highlightedNewsSmall
https://www.fxstreet.com/macroeconomics/central-banks/boj,highlightedNewsSmall
https://www.fxstreet.com/macroeconomics/central-banks/rba,highlightedNewsSmall
https://www.fxstreet.com/macroeconomics/central-banks/rba,highlightedNewsSmall
https://www.fxstreet.com/macroeconomics/central-banks/rba,highlightedNewsSmall
https://www.fxstreet.com/macroeconomics/central-banks/rba,highlightedNewsSmall
https://www.fxstreet.com/macroeconomics/central-banks/rba,highlightedNewsSmall
https://www.fxstreet.com/macroeconomics/central-banks/rba,highlightedNewsSmall
https://www.fxstreet.com/macroeconomics/central-banks/rba,highlightedNewsSmall
https://www.fxstreet.com/technical-analysis/intermarket/correlation,highlightedEducationSmall
https://www.fxstreet.com/technical-analysis/intermarket/correlation,highlightedEducationSmall
https://www.fxstreet.com/technical-analysis/intermarket/correlation,highlightedEducationSmall
https://www.fxstreet.com/education/intermarket-analysis-201210230000,highlightedEducationSmall
https://www.fxstreet.com/education/intermarket-analysis-201210230000,highlightedEducationSmall
https://www.fxstreet.com/education/intermarket-analysis-201210230000,highlightedEducationSmall
https://www.fxstreet.com/education/intermarket-analysis-201210230000,highlightedEducationSmall
https://www.fxstreet.com/education/intermarket-analysis-201210230000,highlightedEducationSmall
https://www.fxstreet.com/education/market-correlations-101-stocks-bonds-forex-201107270000,highlightedEducationSmall
https://www.fxstreet.com/education/market-correlations-101-stocks-bonds-forex-201107270000,highlightedEducationSmall
https://www.fxstreet.com/education/market-correlations-101-stocks-bonds-forex-201107270000,highlightedEducationSmall
https://www.fxstreet.com/education/market-correlations-101-stocks-bonds-forex-201107270000,highlightedEducationSmall
https://www.fxstreet.com/education/market-correlations-101-stocks-bonds-forex-201107270000,highlightedEducationSmall
https://www.fxstreet.com/education/lessons-from-the-pros-forex-201508040000,highlightedEducationSmall
https://www.fxstreet.com/education/lessons-from-the-pros-forex-201508040000,highlightedEducationSmall
https://www.fxstreet.com/education/lessons-from-the-pros-forex-201508040000,highlightedEducationSmall
https://www.fxstreet.com/education/lessons-from-the-pros-forex-201508040000,highlightedEducationSmall
https://www.fxstreet.com/education/lessons-from-the-pros-forex-201508040000,highlightedEducationSmall
https://www.fxstreet.com/education/stock-and-bond-correlation-explained-201703150754,highlightedEducationSmall
https://www.fxstreet.com/education/stock-and-bond-correlation-explained-201703150754,highlightedEducationSmall
https://www.fxstreet.com/education/stock-and-bond-correlation-explained-201703150754,highlightedEducationSmall
https://www.fxstreet.com/education/stock-and-bond-correlation-explained-201703150754,highlightedEducationSmall
https://www.fxstreet.com/education/stock-and-bond-correlation-explained-201703150754,highlightedEducationSmall
https://www.fxstreet.com/education/forecasting-causality-the-black-swan-and-your-edge-201910031343,highlightedEducationSmall
https://www.fxstreet.com/education/forecasting-causality-the-black-swan-and-your-edge-201910031343,highlightedEducationSmall
https://www.fxstreet.com/education/forecasting-causality-the-black-swan-and-your-edge-201910031343,highlightedEducationSmall
https://www.fxstreet.com/education/forecasting-causality-the-black-swan-and-your-edge-201910031343,highlightedEducationSmall
https://www.fxstreet.com/education/forecasting-causality-the-black-swan-and-your-edge-201910031343,highlightedEducationSmall
https://www.fxstreet.com/education/correlation-of-forex-with-gold-and-oil-201911291328,highlightedEducationSmall
https://www.fxstreet.com/education/correlation-of-forex-with-gold-and-oil-201911291328,highlightedEducationSmall
https://www.fxstreet.com/education/correlation-of-forex-with-gold-and-oil-201911291328,highlightedEducationSmall
https://www.fxstreet.com/education/correlation-of-forex-with-gold-and-oil-201911291328,highlightedEducationSmall
https://www.fxstreet.com/education/correlation-of-forex-with-gold-and-oil-201911291328,highlightedEducationSmall
https://www.fxstreet.com/education/how-to-trade-nzd-correlation-with-other-pairs-202003021223,highlightedEducationSmall
https://www.fxstreet.com/education/how-to-trade-nzd-correlation-with-other-pairs-202003021223,highlightedEducationSmall
https://www.fxstreet.com/education/how-to-trade-nzd-correlation-with-other-pairs-202003021223,highlightedEducationSmall
https://www.fxstreet.com/education/how-to-trade-nzd-correlation-with-other-pairs-202003021223,highlightedEducationSmall
https://www.fxstreet.com/education/how-to-trade-nzd-correlation-with-other-pairs-202003021223,highlightedEducationSmall
https://www.fxstreet.com/macroeconomics/central-banks/rbnz,highlightedNewsSmall
https://www.fxstreet.com/macroeconomics/central-banks/rbnz,highlightedNewsSmall
https://www.fxstreet.com/macroeconomics/central-banks/rbnz,highlightedNewsSmall
https://www.fxstreet.com/macroeconomics/central-banks/rbnz,highlightedNewsSmall
https://www.fxstreet.com/macroeconomics/central-banks/rbnz,highlightedNewsSmall
https://www.fxstreet.com/macroeconomics/central-banks/rbnz,highlightedNewsSmall
https://www.fxstreet.com/education/finding-trades-using-two-dollar-indices-part-1-202011030741,highlightedEducationSmall
https://www.fxstreet.com/education/finding-trades-using-two-dollar-indices-part-1-202011030741,highlightedEducationSmall
https://www.fxstreet.com/education/finding-trades-using-two-dollar-indices-part-1-202011030741,highlightedEducationSmall
https://www.fxstreet.com/education/finding-trades-using-two-dollar-indices-part-1-202011030741,highlightedEducationSmall
https://www.fxstreet.com/education/finding-trades-using-two-dollar-indices-part-1-202011030741,highlightedEducationSmall
https://www.fxstreet.com/macroeconomics/central-banks/boc,highlightedNewsSmall
https://www.fxstreet.com/macroeconomics/central-banks/boc,highlightedNewsSmall
https://www.fxstreet.com/macroeconomics/central-banks/boc,highlightedNewsSmall
https://www.fxstreet.com/macroeconomics/central-banks/boc,highlightedAnalysisSmall
https://www.fxstreet.com/macroeconomics/central-banks/boc,highlightedAnalysisSmall
https://www.fxstreet.com/macroeconomics/central-banks/boc,highlightedAnalysisSmall
https://www.fxstreet.com/education/economic-calendar-five-things-you-need-to-know-to-begin-trading-the-news-202205180843,highlightedEducationSmall
https://www.fxstreet.com/education/economic-calendar-five-things-you-need-to-know-to-begin-trading-the-news-202205180843,highlightedEducationSmall
https://www.fxstreet.com/education/economic-calendar-five-things-you-need-to-know-to-begin-trading-the-news-202205180843,highlightedEducationSmall
https://www.fxstreet.com/education/economic-calendar-five-things-you-need-to-know-to-begin-trading-the-news-202205180843,highlightedEducationSmall
https://www.fxstreet.com/education/economic-calendar-five-things-you-need-to-know-to-begin-trading-the-news-202205180843,highlightedEducationSmall
https://www.fxstreet.com/education/how-to-get-on-board-a-trade-you-initially-missed-201706130810,highlightedEducationSmall
https://www.fxstreet.com/education/how-to-get-on-board-a-trade-you-initially-missed-201706130810,highlightedEducationSmall
https://www.fxstreet.com/education/how-to-get-on-board-a-trade-you-initially-missed-201706130810,highlightedEducationSmall
https://www.fxstreet.com/education/how-to-get-on-board-a-trade-you-initially-missed-201706130810,highlightedEducationSmall
https://www.fxstreet.com/education/how-to-get-on-board-a-trade-you-initially-missed-201706130810,highlightedEducationSmall
https://www.fxstreet.com/education/best-tradingview-setup-how-to-setup-tradingview-for-the-powerx-strategy-by-rockwell-trading-202004071650,highlightedEducationSmall
https://www.fxstreet.com/education/best-tradingview-setup-how-to-setup-tradingview-for-the-powerx-strategy-by-rockwell-trading-202004071650,highlightedEducationSmall
https://www.fxstreet.com/education/best-tradingview-setup-how-to-setup-tradingview-for-the-powerx-strategy-by-rockwell-trading-202004071650,highlightedEducationSmall
https://www.fxstreet.com/education/best-tradingview-setup-how-to-setup-tradingview-for-the-powerx-strategy-by-rockwell-trading-202004071650,highlightedEducationSmall
https://www.fxstreet.com/education/best-tradingview-setup-how-to-setup-tradingview-for-the-powerx-strategy-by-rockwell-trading-202004071650,highlightedEducationSmall
https://www.fxstreet.com/education/elliott-wave-analysis-can-help-you-see-countertrends-pattern-in-focus-the-zigzag-202105112000,highlightedEducationSmall
https://www.fxstreet.com/education/elliott-wave-analysis-can-help-you-see-countertrends-pattern-in-focus-the-zigzag-202105112000,highlightedEducationSmall
https://www.fxstreet.com/education/elliott-wave-analysis-can-help-you-see-countertrends-pattern-in-focus-the-zigzag-202105112000,highlightedEducationSmall
https://www.fxstreet.com/education/elliott-wave-analysis-can-help-you-see-countertrends-pattern-in-focus-the-zigzag-202105112000,highlightedEducationSmall
https://www.fxstreet.com/education/elliott-wave-analysis-can-help-you-see-countertrends-pattern-in-focus-the-zigzag-202105112000,highlightedEducationSmall
https://www.fxstreet.com/education/deep-understanding-of-the-charts-and-market-structure-202006160642,highlightedEducationSmall
https://www.fxstreet.com/education/deep-understanding-of-the-charts-and-market-structure-202006160642,highlightedEducationSmall
https://www.fxstreet.com/education/deep-understanding-of-the-charts-and-market-structure-202006160642,highlightedEducationSmall
https://www.fxstreet.com/education/deep-understanding-of-the-charts-and-market-structure-202006160642,highlightedEducationSmall
https://www.fxstreet.com/education/deep-understanding-of-the-charts-and-market-structure-202006160642,highlightedEducationSmall
https://www.fxstreet.com/education/4-chart-patterns-every-trader-should-know-202009131712,highlightedEducationSmall
https://www.fxstreet.com/education/4-chart-patterns-every-trader-should-know-202009131712,highlightedEducationSmall
https://www.fxstreet.com/education/4-chart-patterns-every-trader-should-know-202009131712,highlightedEducationSmall
https://www.fxstreet.com/education/4-chart-patterns-every-trader-should-know-202009131712,highlightedEducationSmall
https://www.fxstreet.com/education/4-chart-patterns-every-trader-should-know-202009131712,highlightedEducationSmall
https://www.fxstreet.com/education/how-momentum-indicator-rsi-is-used-with-elliott-wave-202203231431,highlightedEducationSmall
https://www.fxstreet.com/education/how-momentum-indicator-rsi-is-used-with-elliott-wave-202203231431,highlightedEducationSmall
https://www.fxstreet.com/education/how-momentum-indicator-rsi-is-used-with-elliott-wave-202203231431,highlightedEducationSmall
https://www.fxstreet.com/education/how-momentum-indicator-rsi-is-used-with-elliott-wave-202203231431,highlightedEducationSmall
https://www.fxstreet.com/education/how-momentum-indicator-rsi-is-used-with-elliott-wave-202203231431,highlightedEducationSmall
https://www.fxstreet.com/education/applied-elliott-wave-webinar-think-with-the-markets-202203281514,highlightedEducationSmall
https://www.fxstreet.com/education/applied-elliott-wave-webinar-think-with-the-markets-202203281514,highlightedEducationSmall
https://www.fxstreet.com/education/applied-elliott-wave-webinar-think-with-the-markets-202203281514,highlightedEducationSmall
https://www.fxstreet.com/education/applied-elliott-wave-webinar-think-with-the-markets-202203281514,highlightedEducationSmall
https://www.fxstreet.com/education/applied-elliott-wave-webinar-think-with-the-markets-202203281514,highlightedEducationSmall
https://www.fxstreet.com/education/how-to-trade-with-candlestick-charts-like-a-pro-everything-you-need-to-knowtrading-applications-free-e-book-201707061130,highlightedEducationSmall
https://www.fxstreet.com/education/how-to-trade-with-candlestick-charts-like-a-pro-everything-you-need-to-knowtrading-applications-free-e-book-201707061130,highlightedEducationSmall
https://www.fxstreet.com/education/how-to-trade-with-candlestick-charts-like-a-pro-everything-you-need-to-knowtrading-applications-free-e-book-201707061130,highlightedEducationSmall
https://www.fxstreet.com/education/how-to-trade-with-candlestick-charts-like-a-pro-everything-you-need-to-knowtrading-applications-free-e-book-201707061130,highlightedEducationSmall
https://www.fxstreet.com/education/how-to-trade-with-candlestick-charts-like-a-pro-everything-you-need-to-knowtrading-applications-free-e-book-201707061130,highlightedEducationSmall
https://www.fxstreet.com/education/trend-reversal-pattern-and-transitions-in-price-action-video-201912160509,highlightedEducationSmall
https://www.fxstreet.com/education/trend-reversal-pattern-and-transitions-in-price-action-video-201912160509,highlightedEducationSmall
https://www.fxstreet.com/education/trend-reversal-pattern-and-transitions-in-price-action-video-201912160509,highlightedEducationSmall
https://www.fxstreet.com/education/trend-reversal-pattern-and-transitions-in-price-action-video-201912160509,highlightedEducationSmall
https://www.fxstreet.com/education/trend-reversal-pattern-and-transitions-in-price-action-video-201912160509,highlightedEducationSmall
https://www.fxstreet.com/education/a-lesson-in-pure-price-action-context-of-supply-and-demand-202102231131,highlightedEducationSmall
https://www.fxstreet.com/education/a-lesson-in-pure-price-action-context-of-supply-and-demand-202102231131,highlightedEducationSmall
https://www.fxstreet.com/education/a-lesson-in-pure-price-action-context-of-supply-and-demand-202102231131,highlightedEducationSmall
https://www.fxstreet.com/education/a-lesson-in-pure-price-action-context-of-supply-and-demand-202102231131,highlightedEducationSmall
https://www.fxstreet.com/education/a-lesson-in-pure-price-action-context-of-supply-and-demand-202102231131,highlightedEducationSmall
https://www.fxstreet.com/education/how-forex-traders-use-candlestick-charts-to-analyze-forex-trends-202202150723,highlightedEducationSmall
https://www.fxstreet.com/education/how-forex-traders-use-candlestick-charts-to-analyze-forex-trends-202202150723,highlightedEducationSmall
https://www.fxstreet.com/education/how-forex-traders-use-candlestick-charts-to-analyze-forex-trends-202202150723,highlightedEducationSmall
https://www.fxstreet.com/education/how-forex-traders-use-candlestick-charts-to-analyze-forex-trends-202202150723,highlightedEducationSmall
https://www.fxstreet.com/education/how-forex-traders-use-candlestick-charts-to-analyze-forex-trends-202202150723,highlightedEducationSmall
https://www.fxstreet.com/education/how-to-enter-and-exit-trades-with-fibonacci-tool-202006120742,highlightedEducationSmall
https://www.fxstreet.com/education/how-to-enter-and-exit-trades-with-fibonacci-tool-202006120742,highlightedEducationSmall
https://www.fxstreet.com/education/how-to-enter-and-exit-trades-with-fibonacci-tool-202006120742,highlightedEducationSmall
https://www.fxstreet.com/education/how-to-enter-and-exit-trades-with-fibonacci-tool-202006120742,highlightedEducationSmall
https://www.fxstreet.com/education/how-to-enter-and-exit-trades-with-fibonacci-tool-202006120742,highlightedEducationSmall
https://www.fxstreet.com/education/why-double-three-wxy-is-a-better-structure-to-trade-than-zigzag-abc-202103121512,highlightedEducationSmall
https://www.fxstreet.com/education/why-double-three-wxy-is-a-better-structure-to-trade-than-zigzag-abc-202103121512,highlightedEducationSmall
https://www.fxstreet.com/education/why-double-three-wxy-is-a-better-structure-to-trade-than-zigzag-abc-202103121512,highlightedEducationSmall
https://www.fxstreet.com/education/why-double-three-wxy-is-a-better-structure-to-trade-than-zigzag-abc-202103121512,highlightedEducationSmall
https://www.fxstreet.com/education/why-double-three-wxy-is-a-better-structure-to-trade-than-zigzag-abc-202103121512,highlightedEducationSmall
https://www.fxstreet.com/education/4-lessons-learned-from-warren-buffett-a-trader-point-of-view-video-202105190607,highlightedEducationSmall
https://www.fxstreet.com/education/4-lessons-learned-from-warren-buffett-a-trader-point-of-view-video-202105190607,highlightedEducationSmall
https://www.fxstreet.com/education/4-lessons-learned-from-warren-buffett-a-trader-point-of-view-video-202105190607,highlightedEducationSmall
https://www.fxstreet.com/education/4-lessons-learned-from-warren-buffett-a-trader-point-of-view-video-202105190607,highlightedEducationSmall
https://www.fxstreet.com/education/4-lessons-learned-from-warren-buffett-a-trader-point-of-view-video-202105190607,highlightedEducationSmall
https://www.fxstreet.com/education/horoscope-trading-really-202108090930,highlightedEducationSmall
https://www.fxstreet.com/education/horoscope-trading-really-202108090930,highlightedEducationSmall
https://www.fxstreet.com/education/horoscope-trading-really-202108090930,highlightedEducationSmall
https://www.fxstreet.com/education/horoscope-trading-really-202108090930,highlightedEducationSmall
https://www.fxstreet.com/education/horoscope-trading-really-202108090930,highlightedEducationSmall
https://www.fxstreet.com/cryptocurrencies/bitcoin-cash,highlightedNewsSmall
https://www.fxstreet.com/cryptocurrencies/bitcoin-cash,highlightedNewsSmall
https://www.fxstreet.com/cryptocurrencies/bitcoin-cash,highlightedNewsSmall
https://www.fxstreet.com/rates-charts/btcusd/forecast,highlightedNewsSmall
https://www.fxstreet.com/rates-charts/btcusd/forecast,highlightedNewsSmall
https://www.fxstreet.com/rates-charts/btcusd/forecast,highlightedVideoMedium
https://www.fxstreet.com/rates-charts/btcusd/forecast,highlightedNewsSmall
https://www.fxstreet.com/rates-charts/btcusd/forecast,highlightedVideoMedium
https://www.fxstreet.com/rates-charts/btcusd/forecast,highlightedVideoMedium
https://www.fxstreet.com/education/dont-trade-bitcoin-until-youve-read-this-201801170000,highlightedEducationSmall
https://www.fxstreet.com/education/dont-trade-bitcoin-until-youve-read-this-201801170000,highlightedEducationSmall
https://www.fxstreet.com/education/dont-trade-bitcoin-until-youve-read-this-201801170000,highlightedEducationSmall
https://www.fxstreet.com/education/dont-trade-bitcoin-until-youve-read-this-201801170000,highlightedEducationSmall
https://www.fxstreet.com/education/dont-trade-bitcoin-until-youve-read-this-201801170000,highlightedEducationSmall
https://www.fxstreet.com/education/how-to-trade-breakout-like-a-pro-before-it-makes-the-greatest-gains-video-202103170735,highlightedEducationSmall
https://www.fxstreet.com/education/how-to-trade-breakout-like-a-pro-before-it-makes-the-greatest-gains-video-202103170735,highlightedEducationSmall
https://www.fxstreet.com/education/how-to-trade-breakout-like-a-pro-before-it-makes-the-greatest-gains-video-202103170735,highlightedEducationSmall
https://www.fxstreet.com/education/how-to-trade-breakout-like-a-pro-before-it-makes-the-greatest-gains-video-202103170735,highlightedEducationSmall
https://www.fxstreet.com/education/how-to-trade-breakout-like-a-pro-before-it-makes-the-greatest-gains-video-202103170735,highlightedEducationSmall
https://www.fxstreet.com/education/classical-elliott-wave-201705240914,highlightedEducationSmall
https://www.fxstreet.com/education/classical-elliott-wave-201705240914,highlightedEducationSmall
https://www.fxstreet.com/education/classical-elliott-wave-201705240914,highlightedEducationSmall
https://www.fxstreet.com/education/classical-elliott-wave-201705240914,highlightedEducationSmall
https://www.fxstreet.com/education/classical-elliott-wave-201705240914,highlightedEducationSmall
https://www.fxstreet.com/education/bullish-engulfing-and-bearish-engulfing-probably-the-best-price-action-candlestick-patterns-201710251058,highlightedEducationSmall
https://www.fxstreet.com/education/bullish-engulfing-and-bearish-engulfing-probably-the-best-price-action-candlestick-patterns-201710251058,highlightedEducationSmall
https://www.fxstreet.com/education/bullish-engulfing-and-bearish-engulfing-probably-the-best-price-action-candlestick-patterns-201710251058,highlightedEducationSmall
https://www.fxstreet.com/education/bullish-engulfing-and-bearish-engulfing-probably-the-best-price-action-candlestick-patterns-201710251058,highlightedEducationSmall
https://www.fxstreet.com/education/bullish-engulfing-and-bearish-engulfing-probably-the-best-price-action-candlestick-patterns-201710251058,highlightedEducationSmall
https://www.fxstreet.com/education/how-to-use-weekly-highs-and-lows-for-breakouts-202105242238,highlightedEducationSmall
https://www.fxstreet.com/education/how-to-use-weekly-highs-and-lows-for-breakouts-202105242238,highlightedEducationSmall
https://www.fxstreet.com/education/how-to-use-weekly-highs-and-lows-for-breakouts-202105242238,highlightedEducationSmall
https://www.fxstreet.com/education/how-to-use-weekly-highs-and-lows-for-breakouts-202105242238,highlightedEducationSmall
https://www.fxstreet.com/education/how-to-use-weekly-highs-and-lows-for-breakouts-202105242238,highlightedEducationSmall
https://www.fxstreet.com/education/volume-profile-for-sniping-entries-and-exits-202105251836,highlightedEducationSmall
https://www.fxstreet.com/education/volume-profile-for-sniping-entries-and-exits-202105251836,highlightedEducationSmall
https://www.fxstreet.com/education/volume-profile-for-sniping-entries-and-exits-202105251836,highlightedEducationSmall
https://www.fxstreet.com/education/volume-profile-for-sniping-entries-and-exits-202105251836,highlightedEducationSmall
https://www.fxstreet.com/education/volume-profile-for-sniping-entries-and-exits-202105251836,highlightedEducationSmall
https://www.fxstreet.com/education/how-to-trade-stocks-ahead-of-earnings-reports-with-wyckoff-phase-analysis-video-202111240255,highlightedEducationSmall
https://www.fxstreet.com/education/how-to-trade-stocks-ahead-of-earnings-reports-with-wyckoff-phase-analysis-video-202111240255,highlightedEducationSmall
https://www.fxstreet.com/education/how-to-trade-stocks-ahead-of-earnings-reports-with-wyckoff-phase-analysis-video-202111240255,highlightedEducationSmall
https://www.fxstreet.com/education/how-to-trade-stocks-ahead-of-earnings-reports-with-wyckoff-phase-analysis-video-202111240255,highlightedEducationSmall
https://www.fxstreet.com/education/how-to-trade-stocks-ahead-of-earnings-reports-with-wyckoff-phase-analysis-video-202111240255,highlightedEducationSmall
https://www.fxstreet.com/education/how-to-make-full-use-of-trading-plan-analysis-video-202106150656,highlightedEducationSmall
https://www.fxstreet.com/education/how-to-make-full-use-of-trading-plan-analysis-video-202106150656,highlightedEducationSmall
https://www.fxstreet.com/education/how-to-make-full-use-of-trading-plan-analysis-video-202106150656,highlightedEducationSmall
https://www.fxstreet.com/education/how-to-make-full-use-of-trading-plan-analysis-video-202106150656,highlightedEducationSmall
https://www.fxstreet.com/education/how-to-make-full-use-of-trading-plan-analysis-video-202106150656,highlightedEducationSmall
https://www.fxstreet.com/education/trading-descending-wedge-pattern-with-this-two-step-trend-reversal-technique-that-works-education-video-202104200759,highlightedEducationSmall
https://www.fxstreet.com/education/trading-descending-wedge-pattern-with-this-two-step-trend-reversal-technique-that-works-education-video-202104200759,highlightedEducationSmall
https://www.fxstreet.com/education/trading-descending-wedge-pattern-with-this-two-step-trend-reversal-technique-that-works-education-video-202104200759,highlightedEducationSmall
https://www.fxstreet.com/education/trading-descending-wedge-pattern-with-this-two-step-trend-reversal-technique-that-works-education-video-202104200759,highlightedEducationSmall
https://www.fxstreet.com/education/trading-descending-wedge-pattern-with-this-two-step-trend-reversal-technique-that-works-education-video-202104200759,highlightedEducationSmall
https://www.fxstreet.com/education/the-one-thing-that-every-trader-should-do-in-order-to-up-the-trading-performance-video-202111220255,highlightedEducationSmall
https://www.fxstreet.com/education/the-one-thing-that-every-trader-should-do-in-order-to-up-the-trading-performance-video-202111220255,highlightedEducationSmall
https://www.fxstreet.com/education/the-one-thing-that-every-trader-should-do-in-order-to-up-the-trading-performance-video-202111220255,highlightedEducationSmall
https://www.fxstreet.com/education/the-one-thing-that-every-trader-should-do-in-order-to-up-the-trading-performance-video-202111220255,highlightedEducationSmall
https://www.fxstreet.com/education/the-one-thing-that-every-trader-should-do-in-order-to-up-the-trading-performance-video-202111220255,highlightedEducationSmall
https://www.fxstreet.com/education/stock-risk-management-how-to-calculate-your-stock-position-size-understand-reward-to-risk-video-202111040358,highlightedEducationSmall
https://www.fxstreet.com/education/stock-risk-management-how-to-calculate-your-stock-position-size-understand-reward-to-risk-video-202111040358,highlightedEducationSmall
https://www.fxstreet.com/education/stock-risk-management-how-to-calculate-your-stock-position-size-understand-reward-to-risk-video-202111040358,highlightedEducationSmall
https://www.fxstreet.com/education/stock-risk-management-how-to-calculate-your-stock-position-size-understand-reward-to-risk-video-202111040358,highlightedEducationSmall
https://www.fxstreet.com/education/stock-risk-management-how-to-calculate-your-stock-position-size-understand-reward-to-risk-video-202111040358,highlightedEducationSmall
https://www.fxstreet.com/education/3-ways-to-use-2-yr-bond-yields-to-trade-forex-video-202112191518,highlightedEducationSmall
https://www.fxstreet.com/education/3-ways-to-use-2-yr-bond-yields-to-trade-forex-video-202112191518,highlightedEducationSmall
https://www.fxstreet.com/education/3-ways-to-use-2-yr-bond-yields-to-trade-forex-video-202112191518,highlightedEducationSmall
https://www.fxstreet.com/education/3-ways-to-use-2-yr-bond-yields-to-trade-forex-video-202112191518,highlightedEducationSmall
https://www.fxstreet.com/education/3-ways-to-use-2-yr-bond-yields-to-trade-forex-video-202112191518,highlightedEducationSmall
https://www.fxstreet.com/education/learn-to-trade-forex-how-to-trade-against-the-main-trend-usd-jpy-short-202201131927,highlightedEducationSmall
https://www.fxstreet.com/education/learn-to-trade-forex-how-to-trade-against-the-main-trend-usd-jpy-short-202201131927,highlightedEducationSmall
https://www.fxstreet.com/education/learn-to-trade-forex-how-to-trade-against-the-main-trend-usd-jpy-short-202201131927,highlightedEducationSmall
https://www.fxstreet.com/education/learn-to-trade-forex-how-to-trade-against-the-main-trend-usd-jpy-short-202201131927,highlightedEducationSmall
https://www.fxstreet.com/education/learn-to-trade-forex-how-to-trade-against-the-main-trend-usd-jpy-short-202201131927,highlightedEducationSmall
https://www.fxstreet.com/education/the-most-valuable-thing-in-the-world-202201170350,highlightedEducationSmall
https://www.fxstreet.com/education/the-most-valuable-thing-in-the-world-202201170350,highlightedEducationSmall
https://www.fxstreet.com/education/the-most-valuable-thing-in-the-world-202201170350,highlightedEducationSmall
https://www.fxstreet.com/education/the-most-valuable-thing-in-the-world-202201170350,highlightedEducationSmall
https://www.fxstreet.com/education/the-most-valuable-thing-in-the-world-202201170350,highlightedEducationSmall
https://www.fxstreet.com/education/alerts-vs-copy-trading-which-is-better-202204200857,highlightedEducationSmall
https://www.fxstreet.com/education/alerts-vs-copy-trading-which-is-better-202204200857,highlightedEducationSmall
https://www.fxstreet.com/education/alerts-vs-copy-trading-which-is-better-202204200857,highlightedEducationSmall
https://www.fxstreet.com/education/alerts-vs-copy-trading-which-is-better-202204200857,highlightedEducationSmall
https://www.fxstreet.com/education/alerts-vs-copy-trading-which-is-better-202204200857,highlightedEducationSmall
https://www.fxstreet.com/education/judge-the-price-action-momentum-with-rising-wedge-pattern-and-rsi-indicator-video-202004271002,highlightedEducationSmall
https://www.fxstreet.com/education/judge-the-price-action-momentum-with-rising-wedge-pattern-and-rsi-indicator-video-202004271002,highlightedEducationSmall
https://www.fxstreet.com/education/judge-the-price-action-momentum-with-rising-wedge-pattern-and-rsi-indicator-video-202004271002,highlightedEducationSmall
https://www.fxstreet.com/education/judge-the-price-action-momentum-with-rising-wedge-pattern-and-rsi-indicator-video-202004271002,highlightedEducationSmall
https://www.fxstreet.com/education/judge-the-price-action-momentum-with-rising-wedge-pattern-and-rsi-indicator-video-202004271002,highlightedEducationSmall
https://www.fxstreet.com/education/how-to-use-trend-channel-to-judge-the-price-action-momentum-video-202005040917,highlightedEducationSmall
https://www.fxstreet.com/education/how-to-use-trend-channel-to-judge-the-price-action-momentum-video-202005040917,highlightedEducationSmall
https://www.fxstreet.com/education/how-to-use-trend-channel-to-judge-the-price-action-momentum-video-202005040917,highlightedEducationSmall
https://www.fxstreet.com/education/how-to-use-trend-channel-to-judge-the-price-action-momentum-video-202005040917,highlightedEducationSmall
https://www.fxstreet.com/education/how-to-use-trend-channel-to-judge-the-price-action-momentum-video-202005040917,highlightedEducationSmall
https://www.fxstreet.com/education/momentum-buy-the-assets-sell-the-managers-202104011408,highlightedEducationSmall
https://www.fxstreet.com/education/momentum-buy-the-assets-sell-the-managers-202104011408,highlightedEducationSmall
https://www.fxstreet.com/education/momentum-buy-the-assets-sell-the-managers-202104011408,highlightedEducationSmall
https://www.fxstreet.com/education/momentum-buy-the-assets-sell-the-managers-202104011408,highlightedEducationSmall
https://www.fxstreet.com/education/momentum-buy-the-assets-sell-the-managers-202104011408,highlightedEducationSmall
